{
  "bar.customModules.storage.paths": [
    "/"
  ],
  "scalingPriority": "both",
  "theme.bar.floating": true,
  "theme.bar.buttons.enableBorders": true,
  "theme.bar.buttons.workspaces.enableBorder": true,
  "bar.workspaces.show_icons": false,
  "bar.workspaces.show_numbered": false,
  "bar.customModules.kbLayout.labelType": "layout",
  "menus.power.showLabel": true,
  "theme.bar.menus.monochrome": false,
  "wallpaper.pywal": true,
  "wallpaper.image": "/home/krrj21/Pictures/Wallpapers/nsfw-wallhaven-vgjr63.jpg",
  "bar.workspaces.monitorSpecific": false,
  "bar.workspaces.showWsIcons": true,
  "bar.workspaces.showApplicationIcons": true,
  "menus.media.displayTime": true,
  "menus.media.displayTimeTooltip": true,
  "theme.matugen": true,
  "theme.matugen_settings.mode": "dark",
  "theme.bar.transparent": true,
  "theme.bar.border.location": "none",
  "theme.bar.layer": "top",
  "tear": true,
  "theme.font.name": "Gabarito",
  "theme.font.label": "Gabarito Italic",
  "theme.bar.location": "top",
  "theme.bar.margin_sides": "0.2em",
  "theme.bar.margin_top": "0.2em",
  "theme.font.size": "1.0rem",
  "menus.transitionTime": 100,
  "theme.bar.buttons.workspaces.pill.radius": "2.4rem * 1.6",
  "theme.bar.buttons.borderSize": "0.03em",
  "theme.bar.buttons.radius": "2.9em",
  "theme.bar.buttons.innerRadiusMultiplier": "0.9",
  "theme.bar.menus.opacity": 90,
  "theme.matugen_settings.scheme_type": "tonal-spot",
  "theme.matugen_settings.variation": "standard_1",
  "theme.bar.buttons.opacity": 85,
  "theme.bar.buttons.background_opacity": 65,
  "theme.bar.buttons.background_hover_opacity": 100,
  "wallpaper.enable": true,
  "theme.matugen_settings.contrast": 0,
  "theme.bar.opacity": 90,
  "theme.font.style": "italic",
  "theme.font.weight": 400,
  "bar.customModules.netstat.dynamicIcon": true,
  "theme.bar.buttons.systray.enableBorder": true,
  "bar.network.label": false,
  "bar.layouts": {
    "0": {
      "left": [
        "dashboard",
        "workspaces",
        "windowtitle",
        "cava"
      ],
      "middle": [
        "media",
        "clock"
      ],
      "right": [
        "custom/hypreco-updater",
        "volume",
        "network",
        "bluetooth",
        "battery",
        "systray",
        "notifications"
      ]
    },
    "1": {
      "left": [
        "dashboard",
        "workspaces",
        "windowtitle"
      ],
      "middle": [
        "media"
      ],
      "right": [
        "volume",
        "clock",
        "notifications"
      ]
    },
    "2": {
      "left": [
        "dashboard",
        "workspaces",
        "windowtitle"
      ],
      "middle": [
        "media"
      ],
      "right": [
        "volume",
        "clock",
        "notifications"
      ]
    }
  },
  "menus.dashboard.stats.enable_gpu": true,
  "theme.bar.border.width": "0.03em"
}