{
  "theme.bar.buttons.style": "default",
  "theme.bar.buttons.dashboard.icon": "#ffc777",
  "theme.bar.buttons.dashboard.border": "#ffc777",
  "theme.bar.buttons.workspaces.hover": "#ffc777",
  "theme.bar.buttons.workspaces.available": "#9b74d1",
  "theme.bar.buttons.workspaces.numbered_active_underline_color": "#8e73dd",
  "theme.bar.buttons.workspaces.border": "#ffc777",
  "theme.bar.buttons.borderColor": "#c099ff",
  "theme.bar.buttons.text": "#c099ff",
  "theme.bar.buttons.icon": "#ffc777",
  "theme.bar.border.color": "#c099ff",
  "theme.bar.buttons.windowtitle.text": "#ffc777",
  "theme.bar.buttons.windowtitle.icon": "#ffc777",
  "theme.bar.buttons.windowtitle.border": "#ffc777",
  "theme.bar.buttons.media.text": "#c099ff",
  "theme.bar.buttons.media.icon": "#ffc777",
  "theme.bar.buttons.media.border": "#c099ff",
  "theme.bar.buttons.volume.text": "#ffc777",
  "theme.bar.buttons.volume.border": "#ffc777",
  "theme.bar.buttons.network.text": "#c099ff",
  "theme.bar.buttons.network.border": "#c099ff",
  "theme.bar.buttons.bluetooth.text": "#9b74d1",
  "theme.bar.buttons.bluetooth.border": "#9b74d1",
  "theme.bar.buttons.systray.border": "#544a73",
  "theme.bar.buttons.systray.customIcon": "#e0bffc",
  "theme.bar.buttons.battery.text": "#ffc777",
  "theme.bar.buttons.battery.border": "#ffc777",
  "theme.bar.buttons.clock.text": "#e0bffc",
  "theme.bar.buttons.clock.border": "#e0bffc",
  "theme.bar.buttons.notifications.total": "#c0904e",
  "theme.bar.buttons.notifications.border": "#c0904e",
  "theme.notification.border": "#39324d",
  "theme.notification.actions.background": "#4b307f",
  "theme.osd.border.color": "#7056a8",
  "theme.bar.menus.menu.battery.text": "#e0bffc",
  "theme.bar.menus.menu.battery.border.color": "#39324d",
  "theme.bar.menus.menu.clock.text": "#e0bffc",
  "theme.bar.menus.menu.clock.border.color": "#39324d",
  "theme.bar.menus.menu.dashboard.border.color": "#39324d",
  "theme.bar.menus.menu.dashboard.powermenu.confirmation.border": "#544a73",
  "theme.bar.menus.menu.dashboard.shortcuts.recording": "#7056a8",
  "theme.bar.menus.menu.media.artist": "#c0904e",
  "theme.bar.menus.menu.media.border.color": "#39324d",
  "theme.bar.menus.menu.media.buttons.enabled": "#c0904e",
  "theme.bar.menus.menu.network.border.color": "#39324d",
  "theme.bar.menus.menu.notifications.border": "#39324d",
  "theme.bar.menus.menu.systray.dropdownmenu.divider": "#2b243b",
  "theme.bar.menus.menu.systray.dropdownmenu.text": "#e0bffc",
  "theme.bar.menus.menu.volume.text": "#e0bffc",
  "theme.bar.menus.menu.volume.border.color": "#39324d",
  "theme.bar.menus.menu.power.border.color": "#39324d",
  "theme.bar.menus.menu.power.buttons.logout.icon_background": "#7056a8",
  "theme.bar.menus.menu.power.buttons.logout.text": "#7056a8",
  "theme.bar.buttons.modules.microphone.text": "#7056a8",
  "theme.bar.buttons.modules.microphone.icon": "#2f2a45",
  "theme.bar.buttons.modules.microphone.border": "#7056a8",
  "theme.bar.buttons.modules.netstat.text": "#7056a8",
  "theme.bar.buttons.modules.netstat.icon": "#181825",
  "theme.bar.buttons.modules.netstat.border": "#7056a8",
  "theme.bar.menus.menu.notifications.scrollbar.color": "#c0904e",
  "theme.bar.menus.menu.notifications.pager.label": "#8365b1",
  "theme.bar.menus.menu.notifications.pager.button": "#c0904e",
  "theme.bar.menus.menu.notifications.pager.background": "#292439",
  "theme.bar.menus.menu.notifications.switch.puck": "#ec9b26",
  "theme.bar.menus.menu.notifications.switch.disabled": "#4b307f",
  "theme.bar.menus.menu.notifications.switch.enabled": "#7056a8",
  "theme.bar.menus.menu.notifications.clear": "#c0904e",
  "theme.bar.menus.menu.notifications.switch_divider": "#544a73",
  "theme.bar.menus.menu.notifications.card": "#2b243b",
  "theme.bar.menus.menu.notifications.background": "#252030",
  "theme.bar.menus.menu.notifications.no_notifications_label": "#544a73",
  "theme.bar.menus.menu.notifications.label": "#c0904e",
  "theme.bar.menus.menu.power.buttons.sleep.icon": "#292439",
  "theme.bar.menus.menu.power.buttons.sleep.text": "#9b74d1",
  "theme.bar.menus.menu.power.buttons.sleep.icon_background": "#9b74d1",
  "theme.bar.menus.menu.power.buttons.sleep.background": "#2b243b",
  "theme.bar.menus.menu.power.buttons.logout.icon": "#292439",
  "theme.bar.menus.menu.power.buttons.logout.background": "#2b243b",
  "theme.bar.menus.menu.power.buttons.restart.icon": "#292439",
  "theme.bar.menus.menu.power.buttons.restart.text": "#ffc777",
  "theme.bar.menus.menu.power.buttons.restart.icon_background": "#ffc777",
  "theme.bar.menus.menu.power.buttons.restart.background": "#2b243b",
  "theme.bar.menus.menu.power.buttons.shutdown.icon": "#292439",
  "theme.bar.menus.menu.power.buttons.shutdown.text": "#ffc777",
  "theme.bar.menus.menu.power.buttons.shutdown.icon_background": "#ffc777",
  "theme.bar.menus.menu.power.buttons.shutdown.background": "#2b243b",
  "theme.bar.menus.menu.power.background.color": "#252030",
  "theme.bar.menus.menu.dashboard.monitors.disk.label": "#c099ff",
  "theme.bar.menus.menu.dashboard.monitors.disk.bar": "#c099ff",
  "theme.bar.menus.menu.dashboard.monitors.disk.icon": "#c099ff",
  "theme.bar.menus.menu.dashboard.monitors.gpu.label": "#ffc777",
  "theme.bar.menus.menu.dashboard.monitors.gpu.bar": "#ffc777",
  "theme.bar.menus.menu.dashboard.monitors.gpu.icon": "#ffc777",
  "theme.bar.menus.menu.dashboard.monitors.ram.label": "#c099ff",
  "theme.bar.menus.menu.dashboard.monitors.ram.bar": "#c099ff",
  "theme.bar.menus.menu.dashboard.monitors.ram.icon": "#c099ff",
  "theme.bar.menus.menu.dashboard.monitors.cpu.label": "#ffc777",
  "theme.bar.menus.menu.dashboard.monitors.cpu.bar": "#ffc777",
  "theme.bar.menus.menu.dashboard.monitors.cpu.icon": "#ffc777",
  "theme.bar.menus.menu.dashboard.monitors.bar_background": "#544a73",
  "theme.bar.menus.menu.dashboard.directories.right.bottom.color": "#c099ff",
  "theme.bar.menus.menu.dashboard.directories.right.middle.color": "#ffc777",
  "theme.bar.menus.menu.dashboard.directories.right.top.color": "#c099ff",
  "theme.bar.menus.menu.dashboard.directories.left.bottom.color": "#ffc777",
  "theme.bar.menus.menu.dashboard.directories.left.middle.color": "#c099ff",
  "theme.bar.menus.menu.dashboard.directories.left.top.color": "#ffc777",
  "theme.bar.menus.menu.dashboard.controls.input.text": "#292439",
  "theme.bar.menus.menu.dashboard.controls.input.background": "#ffc777",
  "theme.bar.menus.menu.dashboard.controls.volume.text": "#292439",
  "theme.bar.menus.menu.dashboard.controls.volume.background": "#ffc777",
  "theme.bar.menus.menu.dashboard.controls.notifications.text": "#292439",
  "theme.bar.menus.menu.dashboard.controls.notifications.background": "#ffc777",
  "theme.bar.menus.menu.dashboard.controls.bluetooth.text": "#292439",
  "theme.bar.menus.menu.dashboard.controls.bluetooth.background": "#ffc777",
  "theme.bar.menus.menu.dashboard.controls.wifi.text": "#292439",
  "theme.bar.menus.menu.dashboard.controls.wifi.background": "#ffc777",
  "theme.bar.menus.menu.dashboard.controls.disabled": "#544a73",
  "theme.bar.menus.menu.dashboard.shortcuts.text": "#292439",
  "theme.bar.menus.menu.dashboard.shortcuts.background": "#c099ff",
  "theme.bar.menus.menu.dashboard.powermenu.confirmation.button_text": "#292439",
  "theme.bar.menus.menu.dashboard.powermenu.confirmation.deny": "#ffc777",
  "theme.bar.menus.menu.dashboard.powermenu.confirmation.confirm": "#7056a8",
  "theme.bar.menus.menu.dashboard.powermenu.confirmation.body": "#e0bffc",
  "theme.bar.menus.menu.dashboard.powermenu.confirmation.label": "#c099ff",
  "theme.bar.menus.menu.dashboard.powermenu.confirmation.background": "#292439",
  "theme.bar.menus.menu.dashboard.powermenu.confirmation.card": "#2b243b",
  "theme.bar.menus.menu.dashboard.powermenu.sleep": "#9b74d1",
  "theme.bar.menus.menu.dashboard.powermenu.logout": "#7056a8",
  "theme.bar.menus.menu.dashboard.powermenu.restart": "#ffc777",
  "theme.bar.menus.menu.dashboard.powermenu.shutdown": "#c0904e",
  "theme.bar.menus.menu.dashboard.profile.name": "#ffc777",
  "theme.bar.menus.menu.dashboard.background.color": "#252030",
  "theme.bar.menus.menu.dashboard.card.color": "#2b243b",
  "theme.bar.menus.menu.clock.weather.hourly.temperature": "#e0bffc",
  "theme.bar.menus.menu.clock.weather.hourly.icon": "#e0bffc",
  "theme.bar.menus.menu.clock.weather.hourly.time": "#e0bffc",
  "theme.bar.menus.menu.clock.weather.thermometer.extremelycold": "#9b74d1",
  "theme.bar.menus.menu.clock.weather.thermometer.cold": "#82aaff",
  "theme.bar.menus.menu.clock.weather.thermometer.moderate": "#c099ff",
  "theme.bar.menus.menu.clock.weather.thermometer.hot": "#ffc777",
  "theme.bar.menus.menu.clock.weather.thermometer.extremelyhot": "#e0bffc",
  "theme.bar.menus.menu.clock.weather.stats": "#e0bffc",
  "theme.bar.menus.menu.clock.weather.status": "#c0904e",
  "theme.bar.menus.menu.clock.weather.temperature": "#e0bffc",
  "theme.bar.menus.menu.clock.weather.icon": "#e0bffc",
  "theme.bar.menus.menu.clock.calendar.contextdays": "#544a73",
  "theme.bar.menus.menu.clock.calendar.days": "#e0bffc",
  "theme.bar.menus.menu.clock.calendar.currentday": "#e0bffc",
  "theme.bar.menus.menu.clock.calendar.paginator": "#e0bffc",
  "theme.bar.menus.menu.clock.calendar.weekdays": "#e0bffc",
  "theme.bar.menus.menu.clock.calendar.yearmonth": "#c0904e",
  "theme.bar.menus.menu.clock.time.timeperiod": "#c0904e",
  "theme.bar.menus.menu.clock.time.time": "#e0bffc",
  "theme.bar.menus.menu.clock.background.color": "#252030",
  "theme.bar.menus.menu.clock.card.color": "#2b243b",
  "theme.bar.menus.menu.battery.slider.puck": "#8365b1",
  "theme.bar.menus.menu.battery.slider.backgroundhover": "#544a73",
  "theme.bar.menus.menu.battery.slider.background": "#8365b1",
  "theme.bar.menus.menu.battery.slider.primary": "#ffc777",
  "theme.bar.menus.menu.battery.icons.active": "#ffc777",
  "theme.bar.menus.menu.battery.icons.passive": "#8365b1",
  "theme.bar.menus.menu.battery.listitems.active": "#ffc777",
  "theme.bar.menus.menu.battery.listitems.passive": "#e0bffc",
  "theme.bar.menus.menu.battery.label.color": "#ffc777",
  "theme.bar.menus.menu.battery.background.color": "#252030",
  "theme.bar.menus.menu.battery.card.color": "#2b243b",
  "theme.bar.menus.menu.systray.dropdownmenu.background": "#292439",
  "theme.bar.menus.menu.bluetooth.iconbutton.active": "#9b74d1",
  "theme.bar.menus.menu.bluetooth.iconbutton.passive": "#e0bffc",
  "theme.bar.menus.menu.bluetooth.icons.active": "#9b74d1",
  "theme.bar.menus.menu.bluetooth.icons.passive": "#8365b1",
  "theme.bar.menus.menu.bluetooth.listitems.active": "#9b74d1",
  "theme.bar.menus.menu.bluetooth.listitems.passive": "#e0bffc",
  "theme.bar.menus.menu.bluetooth.switch.puck": "#eab25d",
  "theme.bar.menus.menu.bluetooth.switch.disabled": "#8365b1",
  "theme.bar.menus.menu.bluetooth.switch.enabled": "#9b74d1",
  "theme.bar.menus.menu.bluetooth.switch_divider": "#544a73",
  "theme.bar.menus.menu.bluetooth.status": "#8365b1",
  "theme.bar.menus.menu.bluetooth.text": "#e0bffc",
  "theme.bar.menus.menu.bluetooth.label.color": "#9b74d1",
  "theme.bar.menus.menu.bluetooth.border.color": "#39324d",
  "theme.bar.menus.menu.bluetooth.background.color": "#252030",
  "theme.bar.menus.menu.bluetooth.card.color": "#2b243b",
  "theme.bar.menus.menu.network.iconbuttons.active": "#c099ff",
  "theme.bar.menus.menu.network.iconbuttons.passive": "#e0bffc",
  "theme.bar.menus.menu.network.icons.active": "#c099ff",
  "theme.bar.menus.menu.network.icons.passive": "#8365b1",
  "theme.bar.menus.menu.network.listitems.active": "#c099ff",
  "theme.bar.menus.menu.network.listitems.passive": "#e0bffc",
  "theme.bar.menus.menu.network.status.color": "#8365b1",
  "theme.bar.menus.menu.network.text": "#e0bffc",
  "theme.bar.menus.menu.network.label.color": "#c099ff",
  "theme.bar.menus.menu.network.background.color": "#252030",
  "theme.bar.menus.menu.network.card.color": "#2b243b",
  "theme.bar.menus.menu.volume.input_slider.puck": "#544a73",
  "theme.bar.menus.menu.volume.input_slider.backgroundhover": "#544a73",
  "theme.bar.menus.menu.volume.input_slider.background": "#8365b1",
  "theme.bar.menus.menu.volume.input_slider.primary": "#ffc777",
  "theme.bar.menus.menu.volume.audio_slider.puck": "#544a73",
  "theme.bar.menus.menu.volume.audio_slider.backgroundhover": "#544a73",
  "theme.bar.menus.menu.volume.audio_slider.background": "#8365b1",
  "theme.bar.menus.menu.volume.audio_slider.primary": "#ffc777",
  "theme.bar.menus.menu.volume.icons.active": "#ffc777",
  "theme.bar.menus.menu.volume.icons.passive": "#8365b1",
  "theme.bar.menus.menu.volume.iconbutton.active": "#ffc777",
  "theme.bar.menus.menu.volume.iconbutton.passive": "#e0bffc",
  "theme.bar.menus.menu.volume.listitems.active": "#ffc777",
  "theme.bar.menus.menu.volume.listitems.passive": "#e0bffc",
  "theme.bar.menus.menu.volume.label.color": "#ffc777",
  "theme.bar.menus.menu.volume.background.color": "#252030",
  "theme.bar.menus.menu.volume.card.color": "#2b243b",
  "theme.bar.menus.menu.media.slider.puck": "#8365b1",
  "theme.bar.menus.menu.media.slider.backgroundhover": "#544a73",
  "theme.bar.menus.menu.media.slider.background": "#8365b1",
  "theme.bar.menus.menu.media.slider.primary": "#ffc777",
  "theme.bar.menus.menu.media.buttons.text": "#11111b",
  "theme.bar.menus.menu.media.buttons.background": "#c099ff",
  "theme.bar.menus.menu.media.buttons.inactive": "#544a73",
  "theme.bar.menus.menu.media.card.color": "#2b243b",
  "theme.bar.menus.menu.media.background.color": "#252030",
  "theme.bar.menus.menu.media.album": "#ffc777",
  "theme.bar.menus.menu.media.song": "#c099ff",
  "theme.bar.menus.tooltip.text": "#e0bffc",
  "theme.bar.menus.tooltip.background": "#292439",
  "theme.bar.menus.dropdownmenu.divider": "#2b243b",
  "theme.bar.menus.dropdownmenu.text": "#e0bffc",
  "theme.bar.menus.dropdownmenu.background": "#292439",
  "theme.bar.menus.slider.puck": "#8365b1",
  "theme.bar.menus.slider.backgroundhover": "#544a73",
  "theme.bar.menus.slider.background": "#8365b1",
  "theme.bar.menus.slider.primary": "#c099ff",
  "theme.bar.menus.progressbar.background": "#544a73",
  "theme.bar.menus.progressbar.foreground": "#c099ff",
  "theme.bar.menus.iconbuttons.active": "#c099ff",
  "theme.bar.menus.iconbuttons.passive": "#e0bffc",
  "theme.bar.menus.buttons.text": "#292439",
  "theme.bar.menus.buttons.disabled": "#8365b1",
  "theme.bar.menus.buttons.active": "#ffc777",
  "theme.bar.menus.buttons.default": "#c099ff",
  "theme.bar.menus.check_radio_button.active": "#c099ff",
  "theme.bar.menus.check_radio_button.background": "#4a4261",
  "theme.bar.menus.switch.puck": "#8365b1",
  "theme.bar.menus.switch.disabled": "#8365b1",
  "theme.bar.menus.switch.enabled": "#c099ff",
  "theme.bar.menus.icons.active": "#c099ff",
  "theme.bar.menus.icons.passive": "#544a73",
  "theme.bar.menus.listitems.active": "#c099ff",
  "theme.bar.menus.listitems.passive": "#e0bffc",
  "theme.bar.menus.popover.border": "#292439",
  "theme.bar.menus.popover.background": "#292439",
  "theme.bar.menus.popover.text": "#c099ff",
  "theme.bar.menus.label": "#c099ff",
  "theme.bar.menus.feinttext": "#544a73",
  "theme.bar.menus.dimtext": "#544a73",
  "theme.bar.menus.text": "#e0bffc",
  "theme.bar.menus.border.color": "#544a73",
  "theme.bar.menus.cards": "#2b243b",
  "theme.bar.menus.background": "#292439",
  "theme.bar.buttons.modules.power.icon_background": "#2f2a45",
  "theme.bar.buttons.modules.power.icon": "#ffc777",
  "theme.bar.buttons.modules.power.background": "#ffc777",
  "theme.bar.buttons.modules.power.border": "#ffc777",
  "theme.bar.buttons.modules.weather.icon_background": "#c099ff",
  "theme.bar.buttons.modules.weather.icon": "#ffc777",
  "theme.bar.buttons.modules.weather.text": "#c099ff",
  "theme.bar.buttons.modules.weather.background": "#2f2a45",
  "theme.bar.buttons.modules.weather.border": "#c099ff",
  "theme.bar.buttons.modules.updates.icon_background": "#ffaa21",
  "theme.bar.buttons.modules.updates.icon": "#ffc777",
  "theme.bar.buttons.modules.updates.text": "#ffaa21",
  "theme.bar.buttons.modules.updates.background": "#2f2a45",
  "theme.bar.buttons.modules.updates.border": "#ffaa21",
  "theme.bar.buttons.modules.kbLayout.icon_background": "#9b74d1",
  "theme.bar.buttons.modules.kbLayout.icon": "#181825",
  "theme.bar.buttons.modules.kbLayout.text": "#9b74d1",
  "theme.bar.buttons.modules.kbLayout.background": "#2f2a45",
  "theme.bar.buttons.modules.kbLayout.border": "#9b74d1",
  "theme.bar.buttons.modules.netstat.icon_background": "#7056a8",
  "theme.bar.buttons.modules.netstat.background": "#2f2a45",
  "theme.bar.buttons.modules.storage.icon_background": "#ffc777",
  "theme.bar.buttons.modules.storage.icon": "#181825",
  "theme.bar.buttons.modules.storage.text": "#ffc777",
  "theme.bar.buttons.modules.storage.background": "#2f2a45",
  "theme.bar.buttons.modules.storage.border": "#ffc777",
  "theme.bar.buttons.modules.cpu.icon_background": "#ffc777",
  "theme.bar.buttons.modules.cpu.icon": "#181825",
  "theme.bar.buttons.modules.cpu.text": "#ffc777",
  "theme.bar.buttons.modules.cpu.background": "#2f2a45",
  "theme.bar.buttons.modules.cpu.border": "#ffc777",
  "theme.bar.buttons.modules.ram.icon_background": "#ffc777",
  "theme.bar.buttons.modules.ram.icon": "#181825",
  "theme.bar.buttons.modules.ram.text": "#ffc777",
  "theme.bar.buttons.modules.ram.background": "#2f2a45",
  "theme.bar.buttons.modules.ram.border": "#ffc777",
  "theme.bar.buttons.notifications.icon_background": "#c0904e",
  "theme.bar.buttons.notifications.icon": "#eab25d",
  "theme.bar.buttons.notifications.background": "#2f2a45",
  "theme.bar.buttons.clock.icon_background": "#e0bffc",
  "theme.bar.buttons.clock.icon": "#baa9ff",
  "theme.bar.buttons.clock.background": "#2f2a45",
  "theme.bar.buttons.battery.icon_background": "#ffc777",
  "theme.bar.buttons.battery.icon": "#ffc777",
  "theme.bar.buttons.battery.background": "#2f2a45",
  "theme.bar.buttons.systray.background": "#2f2a45",
  "theme.bar.buttons.bluetooth.icon_background": "#9b74d1",
  "theme.bar.buttons.bluetooth.icon": "#9b74d1",
  "theme.bar.buttons.bluetooth.background": "#2f2a45",
  "theme.bar.buttons.network.icon_background": "#c099ff",
  "theme.bar.buttons.network.icon": "#9b74d1",
  "theme.bar.buttons.network.background": "#2f2a45",
  "theme.bar.buttons.volume.icon_background": "#ffc777",
  "theme.bar.buttons.volume.icon": "#ffc777",
  "theme.bar.buttons.volume.background": "#2f2a45",
  "theme.bar.buttons.media.icon_background": "#c099ff",
  "theme.bar.buttons.media.background": "#2f2a45",
  "theme.bar.buttons.windowtitle.icon_background": "#ffc777",
  "theme.bar.buttons.windowtitle.background": "#2f2a45",
  "theme.bar.buttons.workspaces.numbered_active_highlighted_text_color": "#181825",
  "theme.bar.buttons.workspaces.active": "#ffc777",
  "theme.bar.buttons.workspaces.occupied": "#ffc777",
  "theme.bar.buttons.workspaces.background": "#2f2a45",
  "theme.bar.buttons.dashboard.background": "#4b307f",
  "theme.bar.buttons.hover": "#544a73",
  "theme.bar.buttons.icon_background": "#c099ff",
  "theme.bar.buttons.background": "#2f2a45",
  "theme.bar.background": "#292439",
  "theme.osd.label": "#c099ff",
  "theme.osd.icon": "#ba96f4",
  "theme.osd.bar_overflow_color": "#ffc777",
  "theme.osd.bar_empty_color": "#544a73",
  "theme.osd.bar_color": "#c099ff",
  "theme.osd.icon_container": "#c099ff",
  "theme.osd.bar_container": "#252030",
  "theme.notification.close_button.label": "#292439",
  "theme.notification.close_button.background": "#4b307f",
  "theme.notification.labelicon": "#4b307f",
  "theme.notification.text": "#e0bffc",
  "theme.notification.time": "#9aa5ce",
  "theme.notification.label": "#c099ff",
  "theme.notification.actions.text": "#2b243b",
  "theme.notification.background": "#292439",
  "theme.bar.buttons.modules.submap.background": "#2f2a45",
  "theme.bar.buttons.modules.submap.text": "#c0904e",
  "theme.bar.buttons.modules.submap.border": "#c0904e",
  "theme.bar.buttons.modules.submap.icon": "#181825",
  "theme.bar.buttons.modules.submap.icon_background": "#c0904e",
  "theme.bar.menus.menu.network.switch.enabled": "#c099ff",
  "theme.bar.menus.menu.network.switch.disabled": "#8365b1",
  "theme.bar.menus.menu.network.switch.puck": "#8365b1",
  "theme.bar.menus.menu.media.timestamp": "#e0bffc",
  "theme.bar.buttons.modules.hyprsunset.icon_background": "#ffc777",
  "theme.bar.buttons.modules.hyprsunset.background": "#2f2a45",
  "theme.bar.buttons.modules.hyprsunset.icon": "#181825",
  "theme.bar.buttons.modules.hyprsunset.text": "#ffc777",
  "theme.bar.buttons.modules.hyprsunset.border": "#ffc777",
  "theme.bar.buttons.modules.hypridle.icon": "#181825",
  "theme.bar.buttons.modules.hypridle.background": "#2f2a45",
  "theme.bar.buttons.modules.hypridle.icon_background": "#c099ff",
  "theme.bar.buttons.modules.hypridle.text": "#c099ff",
  "theme.bar.buttons.modules.hypridle.border": "#c099ff",
  "theme.bar.menus.menu.network.scroller.color": "#c099ff",
  "theme.bar.menus.menu.bluetooth.scroller.color": "#9b74d1",
  "theme.bar.buttons.modules.cava.text": "#c0904e",
  "theme.bar.buttons.modules.cava.background": "#2f2a45",
  "theme.bar.buttons.modules.cava.icon": "#ffc777",
  "theme.bar.buttons.modules.cava.icon_background": "#c0904e",
  "theme.bar.buttons.modules.cava.border": "#c0904e",
  "theme.bar.buttons.modules.microphone.background": "#2f2a45",
  "theme.bar.buttons.modules.microphone.icon_background": "#7056a8",
  "theme.bar.buttons.modules.worldclock.text": "#e0bffc",
  "theme.bar.buttons.modules.worldclock.background": "#2f2a45",
  "theme.bar.buttons.modules.worldclock.icon": "#2f2a45",
  "theme.bar.buttons.modules.worldclock.icon_background": "#e0bffc",
  "theme.bar.buttons.modules.worldclock.border": "#e0bffc",
  "theme.bar.buttons.notifications.hover": "#554b62",
  "theme.bar.buttons.clock.hover": "#554b62",
  "theme.bar.buttons.battery.hover": "#554b62",
  "theme.bar.buttons.systray.hover": "#554b62",
  "theme.bar.buttons.bluetooth.hover": "#554b62",
  "theme.bar.buttons.network.hover": "#554b62",
  "theme.bar.buttons.volume.hover": "#554b62",
  "theme.bar.buttons.media.hover": "#554b62",
  "theme.bar.buttons.windowtitle.hover": "#554b62",
  "theme.bar.buttons.workspaces.numbered_active_text_color": "#2b243b",
  "theme.bar.buttons.dashboard.hover": "#554b62",
  "theme.bar.menus.menu.power.card.color": "#2f283e",
  "theme.bar.buttons.modules.cpu.hover": "#45475a",
  "theme.bar.buttons.volume.output_icon": "#11111b",
  "theme.bar.buttons.volume.output_text": "#d4a0ff",
  "theme.bar.buttons.volume.input_icon": "#11111b",
  "theme.bar.buttons.volume.input_text": "#d4a0ff",
  "theme.bar.buttons.volume.separator": "#45475a",
  "theme.bar.buttons.modules.cpuTemp.icon_background": "#fac987",
  "theme.bar.buttons.modules.cpuTemp.icon": "#181824",
  "theme.bar.buttons.modules.cpuTemp.text": "#fac987",
  "theme.bar.buttons.modules.cpuTemp.border": "#fac987"
}
